,data-performance,mean,std,shapiro test (p),t-test
0,stringcharter,9.0,1.2649110640673518,0.1099080890417099,
1,timetable,8.166666666666666,1.6020819787597222,0.4248195290565491,
2,both,8.583333333333334,1.4433756729740645,0.04119926691055298,0.3421270775442795
