,data-physical,mean,std,shapiro test (p),t-test
0,stringcharter,3.5,2.8106938645110393,0.06196010857820511,
1,timetable,1.6666666666666667,0.816496580927726,0.09113509953022003,
2,both,2.5833333333333335,2.1933093855190746,0.0012323036789894104,0.17720815807356205
