,data-effort,mean,std,shapiro test (p),t-test
0,stringcharter,6.333333333333333,1.2110601416389966,0.0026413663290441036,
1,timetable,4.333333333333333,2.3380903889000244,0.0019333056407049298,
2,both,5.333333333333333,2.059714602177749,0.06320756673812866,0.10230225056028444
