,data-effort,mean,std,shapiro test (p),t-test
0,stringcharter,6.5,1.454436184706849,0.1566392034292221,
1,timetable,5.428571428571429,1.8693596482500348,0.23255619406700134,
2,both,5.964285714285714,1.7316689200529207,0.03841923922300339,0.10320604511883315
