,data-frustration,mean,std,shapiro test (p),t-test
0,stringcharter,3.2857142857142856,2.4314785444432596,0.008478756994009018,
1,timetable,3.0,2.1122354181147664,0.024077337235212326,
2,both,3.142857142857143,2.239614479296161,0.0003866899060085416,0.7426638870831702
