,data-frustration,mean,std,shapiro test (p),t-test
0,stringcharter,3.1666666666666665,2.401388487243717,0.3241141438484192,
1,timetable,3.5,1.6431676725154984,0.20104511082172394,
2,both,3.3333333333333335,1.9694638556693236,0.2401406317949295,0.785468191012161
