Group (mental),mean,std,shapiro test (p),t-test
stringcharter,7.5,1.51657508881031,0.38876789808273315,
timetable,8.0,2.1908902300206643,0.07784343510866165,
both,7.75,1.815338686155987,0.06599157303571701,0.656800553908768
