,data-mental,mean,std,shapiro test (p),t-test
0,stringcharter,7.0,1.6641005886756874,0.15934151411056519,
1,timetable,6.714285714285714,2.2336094083368714,0.03805931285023689,
2,both,6.857142857142857,1.9381985854431316,0.010055865161120892,0.7044952228109944
