,data-performance,mean,std,shapiro test (p),t-test
0,stringcharter,8.285714285714286,2.054210364052382,0.0032444223761558533,
1,timetable,8.714285714285714,1.2043875831929896,0.05686643347144127,
2,both,8.5,1.6666666666666667,0.0001271027431357652,0.5080298180308034
