,data-physical,mean,std,shapiro test (p),t-test
0,stringcharter,2.2142857142857144,2.118728625617492,6.033965473761782e-05,
1,timetable,1.4285714285714286,0.646206172658864,0.0002761472132988274,
2,both,1.8214285714285714,1.588233853211413,4.646872753255593e-08,0.2037846792636767
