Group (time),mean,std,shapiro test (p),t-test
stringcharter,4.833333333333333,2.316606713852541,0.8006122708320618,
timetable,4.5,2.073644135332772,0.2211599051952362,
both,4.666666666666667,2.103388319888276,0.2407979965209961,0.798243768915891
