,data-time,mean,std,shapiro test (p),t-test
0,stringcharter,5.5,1.7431183374807169,0.5744298696517944,
1,timetable,5.285714285714286,1.6374732612530445,0.10256795585155487,
2,both,5.392857142857143,1.6630914033428879,0.03955366834998131,0.7401376206762493
