Group,mean,std
easy_tt,32.0,6.967456820494444
easy_sc,33.833333333333336,13.251643694502981
hard_tt,35.25,6.283094200095421
hard_sc,34.25,4.712169930567599
both_sc,34.041666666666664,9.728841776842739
both_tt,33.625,6.697257712643677
all,33.833333333333336,8.265110812178422
