,data,mean,std,shapiro (p),t-test(p)
0,easy_tt,37.61904761904762,7.248973654774795,0.3592775762081146,
1,easy_sc,37.57142857142857,10.505100801855395,0.03849733993411064,
2,hard_tt,41.38095238095238,9.41528645595125,0.002874101744964719,
3,hard_sc,40.76190476190476,8.619192316596504,0.022005409002304077,
4,sc,39.166666666666664,9.626986121763023,0.013724582269787788,
5,tt,39.5,8.514693182963201,0.004009404219686985,
6,all,39.333333333333336,9.034516586948046,0.00014898758672643453,0.8669373067935056
